,0_BIS,0_MAP,0_CO,0_Up,0_Ur,1_BIS,1_MAP,1_CO,1_Up,1_Ur,2_BIS,2_MAP,2_CO,2_Up,2_Ur,3_BIS,3_MAP,3_CO,3_Up,3_Ur,4_BIS,4_MAP,4_CO,4_Up,4_Ur,5_BIS,5_MAP,5_CO,5_Up,5_Ur,6_BIS,6_MAP,6_CO,6_Up,6_Ur,7_BIS,7_MAP,7_CO,7_Up,7_Ur,8_BIS,8_MAP,8_CO,8_Up,8_Ur,9_BIS,9_MAP,9_CO,9_Up,9_Ur,10_BIS,10_MAP,10_CO,10_Up,10_Ur,11_BIS,11_MAP,11_CO,11_Up,11_Ur,12_BIS,12_MAP,12_CO,12_Up,12_Ur,13_BIS,13_MAP,13_CO,13_Up,13_Ur,14_BIS,14_MAP,14_CO,14_Up,14_Ur,15_BIS,15_MAP,15_CO,15_Up,15_Ur
0,92.46331518444674,90.0,6.5,3.5041456183622968,2.8236925940326647,97.20482679625005,90.0,6.5,3.944441116598683,3.0989953502500316,99.56548584206068,90.0,6.5,4.289141589842409,2.9473883392705242,89.13696751702857,90.0,6.5,3.286618222973308,2.485703751463748,81.16994184695272,90.0,6.5,2.5640430126656275,2.0469781032720533,92.75340471192632,90.0,6.5,3.677798804527643,2.678473544766009,92.218438037107,90.0,6.5,3.4881216026401254,3.1618046370123136,96.51035330144023,90.0,6.5,3.9800090370249266,2.7520866825779073,88.80660790867209,90.0,6.5,3.244127516796113,2.8636715903924084,92.3376586515612,90.0,6.5,3.4773093239963817,3.0345802297396607,93.52315582580448,90.0,6.5,3.616365059232074,3.1370130937106686,96.62387308942543,90.0,6.5,3.9339352917848642,3.0978425338344313,92.18430681330265,90.0,6.5,3.445608874338271,3.1969046741689215,99.27466843623779,90.0,6.5,4.062324760536844,3.5732156994623505,99.65471565869954,90.0,6.5,4.243352959970512,2.9319523179754947,99.97868808824029,90.0,6.5,4.023395476152773,3.931421178486025
1,92.4259489483521,89.99999999999999,6.5,2.6468981252955497,2.1959956821993614,96.06349951459632,89.99999999999999,6.5,2.9290242609368193,2.327651285832862,98.84804488363865,90.0,6.5,3.3572918125352538,2.2946390280719076,88.84724786305769,90.0,6.5,2.496404478724692,1.9153925111410104,81.09442728458666,89.99999999999994,6.5,1.9153770607332725,1.5890692907259902,92.43765686050588,89.99999999999999,6.5,2.9168150004557685,2.108688157649084,92.13305248689372,89.99999999999999,6.5,2.778470310529199,2.517541247076943,95.4585840108326,89.99999999999999,6.5,2.993973448767405,2.0765130230813673,87.64980859498154,89.99999999999999,6.5,2.495925064031643,2.193896728893839,92.21864338492603,89.99999999999994,6.5,2.678099234720203,2.3711976174871756,93.38258435722454,90.0,6.5,2.854436507077199,2.4818971098457605,92.86436826294494,89.99999999999993,6.5,2.6576919392271003,2.0939249670755884,92.17646144551244,90.0,6.5,2.704281455404191,2.530448293597971,98.49447851174838,89.99999999999997,6.5,3.112586878219735,2.7543422724619866,98.80725434019578,89.99999999999999,6.5,3.2186075649837873,2.2340087225473693,99.08644314448455,90.0,6.5,3.064542511830577,3.0214785525700756
2,92.00294268686376,89.9998111456475,6.4999999451100186,1.8937958900529694,1.6453444831877255,91.90905274289646,89.99921726794024,6.499999529592858,1.9668308519929154,1.5872731860184761,96.24409571670931,89.99987567962238,6.499999970848026,2.5080765244309586,1.7043812025868113,87.325279071998,89.99996947352106,6.499999996723925,1.7475668684234595,1.3705613193062933,80.3645187569724,89.99940861138276,6.499999690548038,1.2966807130158795,1.1479158493237513,90.5116146698923,89.9995433270044,6.499999789748751,2.1836512157198014,1.5653745629541511,91.32738899522505,89.99946932534428,6.499999740508342,2.1547495713973843,1.9514636064185844,91.35122975608869,89.99943189994423,6.499999721715995,2.03508441639088,1.41655239917025,84.4248672874715,89.99971823210353,6.499999898102297,1.8173475103976156,1.5918058158974995,91.02893408673415,89.99838387382884,6.499998600457035,1.9418742514334515,1.7554182565166965,92.25183229345208,89.99987586009334,6.499999980956052,2.167964725543935,1.8905769446822078,81.91582232032154,89.99710426441301,6.49999664297852,1.5735201515463386,1.2400575635386666,92.04916038868544,89.99995463841141,6.499999993477565,2.091006648629351,1.9797589701458478,94.86326641022796,89.99902822920785,6.499999350245116,2.1965135986794797,1.9566753266402945,95.52065275225466,89.99948173636474,6.499999745834771,2.2586053122238994,1.5767788431779155,95.8045417195143,89.9998624647556,6.49999996630281,2.192479389285914,2.183719289052563
3,90.69646075781397,89.99637206188399,6.499995374560983,0.0,0.0,85.72446798453201,89.98546041962152,6.49996232424771,0.0,0.0,92.19224942103679,89.99758483272464,6.499997501636659,1.8257268527852257,1.2319885584868822,84.3813661557267,89.99941762678533,6.499999727022137,1.0885188257392127,0.8882804459770133,78.3714862882456,89.98890107459589,6.499974833456797,0.7075348167971521,0.7208197073212202,86.48291179250529,89.99115133555942,6.499982062321735,1.5279160549833857,1.0840030871512965,89.12440602811856,89.98992753147883,6.499978538029071,1.6107778409962439,1.4579375607960798,85.17066560548056,89.98930988435966,6.499977110276439,0.0,0.0,80.14591714497219,89.99481361505197,6.499991951887895,1.4684047518734284,1.30705354114945,87.71205717648434,89.96931126312444,6.499884084653777,1.258632548537772,1.1769011029532317,89.4654600483598,89.99757990371572,6.499998302288105,1.5658959433425945,1.3708343080925358,69.57779578146278,89.95154280886159,6.499769866355016,0.0,0.0,91.54758942954105,89.99911355516798,6.499999436577462,1.6975816492247389,3.137471797958387,88.70217886043376,89.98170087868559,6.4999468922031856,1.4344451505176719,1.2889152819787348,90.37493908621693,89.99008234725666,6.49997871681795,1.4729189006405654,1.0374451420475705,90.80133943601025,89.99740168773644,6.499997227313776,1.5025220589528576,1.516392652340834
4,88.54136878266503,89.97953942907887,6.49993798500863,0.0,0.1387089547533315,79.53491369701453,89.9219022561742,6.499530078608148,0.0,0.0,87.47883871486174,89.98623812068807,6.499965982938403,1.3159884449992845,0.8805599090709184,80.46143320813047,89.99676928573948,6.499996434191098,0.5459107935409057,0.48876148342283243,75.13836075916504,89.93974370807204,6.499681187467398,0.16103741629265186,0.31758974869118495,80.92410606401496,89.9500277538666,6.499758949106229,0.9896124036665839,0.6926974865075574,85.44193187845383,89.94365137801209,6.499715685658091,1.7478970386101362,1.5848162574428595,79.1646027535982,89.9419134559046,6.499707925718097,0.0,0.0,75.60710686026216,89.97207318697701,6.499899365779213,1.1208741387058097,0.9983296153336914,82.26373078615964,89.83018244477013,6.498484804688785,0.6503381479156541,0.6548508334774316,85.17445210565693,89.98611589645195,6.499975946263179,1.0651244463285545,0.9372908189360278,59.92216539028335,89.76558591352676,6.497537838850833,0.0,0.0,90.37889785464334,89.99485828954153,6.499992129040859,1.219096899969602,2.2679136694885775,81.58232237049356,89.9001962859178,6.499322120743048,0.8640005712631674,0.7866543832354128,84.55877191041483,89.94480236683432,6.499720150360413,0.8835907777168679,0.6320946671481227,85.1921061417895,89.98564824106164,6.499963930900515,0.9988756298055083,1.0264167734951029
5,86.02352822492202,89.94337145083557,6.499713790022347,0.0,0.4139912051403259,74.41094968615977,89.79150925766821,6.497942402065582,0.9006114433168091,0.7147455188377866,82.73097455165455,89.95477286575698,6.499797022336593,0.9552286767498435,0.6337727972235582,76.19461079138964,89.98979760107808,6.499979996739389,0.15160474548592817,0.19453781904902287,71.27515245208345,89.81632972392589,6.498297297536355,0.0,0.0,74.8039831789047,89.8390761732323,6.498602341051154,0.5845878392366005,0.40203876747049183,80.54041236118904,89.8188236793231,6.498355417422529,1.295998740025758,1.1750376577458261,74.44473370094335,89.84395651220001,6.498702503035722,0.5878111455919085,1.4726853507790838,71.2539266456665,89.91118088402052,6.499428136096592,0.8534399020967467,0.7609541345088332,75.66919295203161,89.46843102642005,6.491524443400491,0.12706439251113205,0.20238852363717566,80.07558296768002,89.954231404668,6.499852028720634,0.6709098237936663,0.5950365992213819,53.282298169921766,89.41440994856315,6.490185396265288,0.0,0.0,88.33411715759433,89.98248528732042,6.499950655989729,0.8172177757478863,1.5292552031871676,74.80937503006419,89.68997500596319,6.496267938410885,0.7566366051613344,0.4625222727651977,78.97026205774414,89.82428579016673,6.4984047574637485,0.47604570942527374,0.3507361335525303,79.77951486264891,89.95436320563752,6.4997949611327535,0.6588871192417306,0.6914246497485192
6,83.35893013031914,89.88540126388834,6.499173907333245,1.3174471756539914,1.206695639406969,69.88834466662506,89.591768254883,6.494331057202975,0.5940050194329413,0.4771549188866648,78.31089485371044,89.89150088078627,6.4992439821919765,0.8505617979078999,1.3250963159858626,72.09283839469195,89.9768330786917,6.499931577652498,0.06426065129435257,0.11495835934159236,67.4534555088493,89.60607073414447,6.494620949516429,0.0,0.0,68.91876773985697,89.62657989992563,6.495029686719681,0.3042848938408676,0.20477015183011268,74.89632839187593,89.55482885536973,6.493623077982146,0.912382348367234,0.82725287484789,70.26662929419265,89.69297394940966,6.496385822062479,0.3794214250138066,0.9518328811681844,67.32324987410951,89.79215571476419,6.4979456691327675,0.6501950030539404,0.5807301606066678,69.14612986478153,88.81762554589491,6.471434013104729,0.0,0.0,74.91913473020139,89.8906670386934,6.499439546148255,0.40152326020843626,0.3596719197611146,48.588396335444585,88.91649131217882,6.474994892864943,0.0,0.0,85.45465868939192,89.95661336426164,6.499808204326736,0.4977360452085134,0.9441067057993824,68.91691854691021,89.3049096410006,6.487350383108941,0.4814947518360743,0.29574540113329545,74.04775650394333,89.59484994997176,6.494378615863619,0.2606992208697409,0.1994484621520108,74.95354367881176,89.89415866304915,6.499273510077259,0.4484305850065508,0.4785620652425566
7,80.32807739887126,89.80569710640626,6.498172012949326,0.6841826609115885,0.7175271422369943,65.71729347042873,89.2811446054687,6.4866463868771715,0.3661634449944153,0.2997308916390984,74.2779009664401,89.78739802820246,6.497919101942336,0.6474232670766211,1.0041852321386378,68.40151089841572,89.95761161048335,6.499830690052255,0.0678144620663852,0.10096014817284013,64.00087100655766,89.31589633685665,6.487597346086113,0.0,0.0,63.705205035201615,89.30085515050966,6.487157334840192,0.12651780198603774,0.08380471520438817,69.21538869287343,89.10798375130548,6.481721013169426,0.0,0.0,66.31607157463347,89.47007923472164,6.491765413348928,0.22766275889280035,0.5759047608607847,63.89515168855803,89.60205058316622,6.494528351489682,0.497115125768401,0.4451571386798128,63.4222987822,87.91637088742269,6.431906945648224,0.0,0.0,70.20856189318883,89.78855124430454,6.498455256268208,0.2510762712153416,0.22623204274357586,45.19588074348079,88.3123318320828,6.450744990269081,0.0,0.0,81.9839945651464,89.91305780359399,6.499457261661863,0.9790858837406518,1.3338850079255573,63.99614445217499,88.71528026321903,6.467785252748912,0.0,0.0,69.89632292833872,89.2419886149889,6.485481765439727,0.1623167798208165,0.12767341422974784,70.82219042798735,89.79945351988333,6.498097575525493,0.333132931413038,0.35525769395336365
8,76.83415991649844,89.67673822910592,6.496063508677198,0.2419782671318814,0.3628865023885323,62.05686087634339,88.85374282516216,6.472836822561445,0.20240235420074418,0.1712090800217633,70.63464619150196,89.63514401135419,6.4953088391687555,0.5002573242528777,0.7733950664186917,65.15379868720555,89.93247979785284,6.499659545658532,0.0769881569300096,0.09340795182833563,61.000243983763106,88.95844396668694,6.4764987480012035,0.0,0.0,59.30734384099725,88.87312583474122,6.4734481671486295,0.0,0.0,64.23764132252742,88.46934070132986,6.45835542572133,0.012480751808382033,0.02096424673785547,62.905436097066854,89.17579037705175,6.483947244735168,0.12798246724309784,0.329324002071194,60.966380329802945,89.33814188952418,6.488182136880069,0.3828521619484347,0.34414514608942026,58.64700863593531,86.84283842094206,6.37062553722942,0.0,0.0,66.15818452937688,89.6470173681984,6.496587799375748,0.1873382250194053,0.1673190423517971,42.709683873497255,87.64827257557586,6.417930303470432,0.0,0.0,78.07174895714044,89.85013985817248,6.498773662315235,0.679602968070376,0.924251794740502,60.08358915496067,87.93519196078664,6.433334105162587,0.0,0.0,66.45378772367798,88.76979625502767,6.469645507206575,0.162614015008252,0.12275272302635587,67.35013358373719,89.66901931453354,6.495947049633172,0.2741963692790033,0.2860209452695973
9,73.29191781083222,89.49674646531214,6.492317225876938,0.12434207131796095,0.233393248117698,58.94663053380573,88.32134515326567,6.451303763053841,0.09045697636133457,0.08216836555752077,67.43234441930824,89.43290284841306,6.490880879963502,0.39357221890782806,0.607211472084625,62.3165327766534,89.9019631856117,6.499403889905811,0.08580730141410482,0.0877797751603636,58.45585277865291,88.55048724939338,6.46106444819211,0.0,0.0,55.71015250773841,88.37055227211704,6.453320425999664,0.0,0.0,60.284000935813104,87.73741784110327,6.424141627818708,0.025711794441137942,0.04737350918317954,60.1129986595043,88.81984699804315,6.472321058808134,0.07085085342526014,0.18663139691279348,58.49577910125012,89.00749426304584,6.478121603902601,0.2984364732677416,0.2697117153644693,54.74583910781309,85.67387795107489,6.289142906168194,0.0,0.0,62.785653613568954,89.46977627858752,6.493570542700648,0.16246648984348647,0.14233098600981306,40.8787382034847,86.96694849014794,6.378395059303726,0.0,0.0,73.85225810968873,89.76049303158949,6.4975231817126256,0.44676537754171286,0.6070519791698231,57.06112240973338,87.04955004950769,6.384422316536124,0.0,0.0,63.60046902876005,88.19428749018279,6.445353659239558,0.16054742989863777,0.11732589464328463,64.44856275077447,89.5048493739261,6.492543335969182,0.24155546797517086,0.24355313081167865
10,69.96028829316217,89.27350640107767,6.486598573557057,0.14009974409789455,0.20023303864040645,56.36196930087708,87.70938005729475,6.421453852983709,0.02272799499224118,0.026616224084557903,64.66259692672125,89.18308488603236,6.484173539396216,0.31586975557152924,0.4867214866698932,59.84370454546662,89.86671130691757,6.499053718279457,0.0919542322536867,0.08211889164224132,56.33661506288494,88.10991392948911,6.441499137624673,0.0,0.0,52.809936971372125,87.82855519745401,6.42741367941607,0.0,0.0,57.19574390748051,86.96647803755295,6.38079080880687,0.0,0.0,57.89773085076043,88.41770237088662,6.456697970903159,0.053471999358477275,0.13844903613517312,56.4289253887051,88.6242174514302,6.463980980119873,0.23693690655285887,0.21568542675699742,51.60091261293591,84.47880787903497,6.192243542701766,0.0,0.0,60.01920151915799,89.26261755254701,6.489216579402229,0.11534627508217613,0.1001900816619687,39.53749349720703,86.30285473452749,6.334724430105344,0.0,0.0,69.62463515463818,89.64329095176507,6.495494919970023,0.2707258008955401,0.3673352042786398,54.71401737650822,86.11289749204043,6.322955876257256,0.0,0.0,61.21948839783469,87.53318779388006,6.4116449782402025,0.1630165147984241,0.11571739795251806,62.02194111043079,89.31078830300805,6.487681645558903,0.20671463167134446,0.2032425819840179
11,66.91664027612498,89.014030222391,6.4786766266938045,0.15605347728896465,0.17300331198674143,54.248346687153614,87.04989052541512,6.383894329968148,0.004998778917344857,0.008183265140167631,62.28945359797644,88.89135561907597,6.47486846843505,0.2605127834078722,0.40132449277024335,57.68915393278339,89.82741556537714,6.498603091433311,0.08292877532096678,0.06754575663574425,54.59862999442041,87.65373579667558,6.418390952338245,0.0,0.0,50.47729075756647,87.27300701752061,6.396827982110306,0.0,0.0,54.828483766082805,86.19965945871928,6.33112779303115,0.0,0.0,56.168001019296284,87.98643306923559,6.437303662776189,0.05318822849384049,0.1314535746497481,54.71024719728426,88.20596056536449,6.445889830335914,0.19302796501938463,0.17732061501838192,49.09327203710321,83.31233281635802,6.0863392551806905,0.0,0.0,57.77590315851746,89.03197600656787,6.483428826641058,0.07693206650800524,0.06628975118941575,38.57305619281621,85.68125679334968,6.289659329558033,0.0,0.0,65.62010001297327,89.5006605157861,6.492526150924657,0.14928482350504235,0.20044853705091228,52.88702408248072,85.17178062111144,6.252386438112269,0.0,0.0,59.219338717326686,86.80659829541925,6.368286065287526,0.15407262377304337,0.10721088108267554,59.988594280086666,89.09162770710527,6.481244014866166,0.17261761307858478,0.1673778123015064
12,64.1652681600074,88.72243619066019,6.4683331205410965,0.1498856508066942,0.13815364211616732,52.536941965056194,86.37419788963888,6.340194475115788,0.0002601111207689019,0.0004366091889174912,60.26710695835719,88.56545402664558,6.462829429557385,0.2221021293522896,0.3424403988594277,55.814328538749,89.78477165134947,6.498049797778408,0.05917354108443445,0.04504673182565885,53.19613573166218,87.19693815947143,6.392589747043083,0.0,0.0,48.60752090335525,86.72523266778956,6.363033756782131,0.0,0.0,53.06040250088206,85.47382760581365,6.278731154795291,0.0,0.0,54.82336694716655,87.54067743096195,6.414621625728996,0.0524008500889497,0.12494161670972258,53.28832175544646,87.77076975208162,6.424416083746235,0.16261086611170283,0.15096054576915988,47.117870315605565,82.21321378578925,5.977901105470569,0.0,0.0,55.983888261641226,88.78593944139809,6.476245903486387,0.05891561754181431,0.05011793061155926,37.90611277473556,85.11892718029726,6.245675333676061,0.0,0.0,61.98116522101395,89.33712211468264,6.488541497756349,0.06778666086591784,0.08718040606513573,51.46742201099254,84.26199271812894,6.176796670149138,0.0,0.0,57.53005488903237,86.03413553010468,6.3157031075777175,0.1253151838722251,0.08646868649752996,58.284015448268576,88.85309708610214,6.473220018278638,0.15230817898485324,0.14514587788560643
13,61.699285334078795,88.40279367772834,6.455415629423489,0.07747412738635195,0.07324751423867086,51.15943332243513,85.7054894245879,6.292216661963213,0.0,0.0,58.548727457407374,88.21401231629795,6.448103720718713,0.19625895692271847,0.3030824178173487,54.19145762879288,89.73960193540877,6.497397114993427,0.018710426068260858,0.013468539294662045,52.08635785237195,86.75195431177409,6.3650787987978195,0.0,0.0,47.117536684278825,86.20154432962379,6.327610529504962,0.0,0.0,51.7800867764707,84.81078092656645,6.226721233119203,0.0,0.0,53.781572451356695,87.09205563327693,6.389278697608319,0.047017805646017784,0.10971466733584714,52.11772378864733,87.33485949447035,6.400423985149032,0.1425139437634353,0.13377156577785956,45.58694443778909,81.20606375557223,5.872404501744165,0.0,0.0,54.57411869477441,88.5326549194722,6.467822536421643,0.055943281322251334,0.04702712639392919,37.47945503358457,84.62564910283636,6.204755577137682,0.0,0.0,58.772032216450526,89.15846651461749,6.483563057767865,0.015111783095453501,0.01278808321419335,50.37242283180754,83.4086740342349,6.100131951098326,0.0,0.0,56.101613391728975,85.23543397723968,6.255002416813718,0.10499815217392666,0.07183528245317641,56.854684250911596,88.60137187484212,6.463706194781579,0.1416111608633114,0.13245241483368134
14,59.52648823436024,88.06044376579217,6.439901801210098,0.05137997965574287,0.045592615821888886,50.05874677370634,85.06089660776134,6.241890263037629,0.0,0.0,57.090698136743995,87.84560729308009,6.430895634674209,0.17964848491616314,0.2779454189064896,52.802624207768666,89.69291192094276,6.496655523684479,0.0,0.0,51.23128474598958,86.32856427271585,6.33686236516092,0.0,0.0,45.941717959982306,85.71355262537372,6.292049384175069,0.0,0.0,50.8988294138015,84.22283481811805,6.177581405777951,0.0008263495318192619,1.1779099355403091e-08,52.98393655338897,86.65025102460224,6.362006025165112,0.045764191819426744,0.10473964203739057,51.15924600545604,86.9113832826479,6.374905961160758,0.13027585543606915,0.12355266648786785,44.428947302340454,80.30433246620922,5.773878202153405,0.0,0.0,53.48145140163684,88.27893759646318,6.4583785267629725,0.06306688302997686,0.05273500138191586,37.25084015349864,84.20586286490855,6.168322055524892,0.0,0.0,56.003008132463364,88.9708415817446,6.477700535149002,0.0,0.0,49.54035827085216,82.62782118587934,6.025718758577025,0.0,0.0,54.89579870631663,84.43111869814783,6.1880123260872075,0.0945059639603458,0.06401331080629721,55.65470822602202,88.34204788689948,6.452867442345149,0.13746535027034118,0.12631600067361534
15,57.649637278665466,87.7060832272765,6.422146238683839,0.04123843973942174,0.03205497393830122,49.18908777030191,84.45244949782334,6.191008081411444,0.0,0.0,55.854287302882696,87.46811147219378,6.411524488541375,0.16976662421332525,0.26306935067044573,51.62981792908617,89.64597070299654,6.495845172938354,0.0,0.0,50.597974959963715,85.93405245353507,6.308880536389284,0.0,0.0,45.02813591174364,85.26884366410177,6.2576308312364795,0.0,0.0,50.34628675527208,83.7152815782204,6.133061674679909,0.02756361222408323,0.04673688780135792,52.38603510972146,86.22358635221632,6.3336027623429505,0.04926031629088959,0.11082359574510187,50.37942513412418,86.51002630085837,6.348834575530859,0.12397870615450897,0.11858806903685852,43.5861080971131,79.51335328187153,5.6849054892859225,0.0,0.0,52.64772820242439,88.02987896655712,6.448155178465452,0.0765593863871391,0.06401641970822809,37.18840803028527,83.8601486438368,6.137268446777539,0.0,0.0,53.64759327551524,88.78005496893645,6.471127314525482,0.0,0.0,48.92460955279655,81.92825087076923,5.956064786319159,0.0,0.0,53.87949874474359,83.63846968291897,6.116823238345194,0.09098975381655906,0.0610373605295638,54.64548343076877,88.079855783561,6.440907595464665,0.13764889792738488,0.12458637493957084
16,56.04792741399973,87.34771719360842,6.402543686588482,0.03595770362350691,0.023766313880296278,48.51424276662063,83.88827540758733,6.141125255626587,0.0,0.0,54.80597508973348,87.08831817039011,6.390378270592144,0.16474179370324868,0.25551731235708625,50.6479315602844,89.59976433899905,6.494986821615666,0.0,0.0,50.15821740134345,85.57350117904247,6.2819539538273785,0.0,0.0,44.33546246855203,84.87176441444593,6.225368967902391,0.0,0.0,50.055142450142725,83.28837787670233,6.094219786627003,0.05691608321645874,0.0998323651118515,51.949566638171525,85.8180051131576,6.304813653826036,0.05606915505712916,0.12446063028440683,49.74983028323905,86.13715304565591,6.3230585151548135,0.12212141182162059,0.11753484899734354,43.0118491085058,78.83293937636053,5.606865003799556,0.0,0.0,52.022638066966564,87.78884737925205,6.437381127925796,0.09364965123216037,0.0784713259563289,37.26765629747936,83.58643440256613,6.112043237764587,0.0,0.0,51.660061997342815,88.59049331387595,6.464027159562252,0.0,0.0,48.48941755711509,81.31349439369302,5.892861539755223,0.0,0.0,53.02401761779304,82.8704624683735,6.0434732280817265,0.0922973456524678,0.06142619284938208,53.79486088461505,87.81856544379876,6.428043580012536,0.14058560945250895,0.1257236117786015
17,54.694554265447074,86.99165519090849,6.381517996934455,0.029668140718151072,0.01583753494840366,48.005294485786386,83.37334992168714,6.093497358086661,0.0,0.0,53.91715233612022,86.71178470065955,6.367871023527437,0.1631731661672148,0.2531091860822885,49.83162291531203,89.5549089659383,6.49409781084214,0.0,0.0,49.88795133020339,85.25013635685362,6.256755220564289,0.00631393904273951,2.8279733800655117e-09,43.83055476020692,84.52417430628574,6.196003994379884,0.0,0.0,49.95903087404692,82.93381156654581,6.061067233760606,0.0866148215720045,0.15316503879296275,51.64108223473318,85.43706352378655,6.2762609073201725,0.06493692140379667,0.14265342815901802,49.24632623519952,85.79626157711549,6.298246791054199,0.12352490186246595,0.11933860390937766,42.66849253006076,78.25938542940459,5.540244314973461,0.0,0.0,51.56341385228214,87.55770009966507,6.426250346432674,0.11230988990306884,0.09434062979373892,37.46939258676729,83.38092062138188,6.0927476238142235,0.0,0.0,49.993471199770106,88.40538857740087,6.456577888602801,0.0,0.0,48.20696435834916,80.78339584264643,5.837098068327007,0.0,0.0,52.30482348081401,82.13603383060688,5.96975742294209,0.0968261890062078,0.06407890873658058,53.07619457928471,87.56101645154861,6.414485819145088,0.14515013511875585,0.12863005763067836
18,53.5637428850681,86.64302790473563,6.359508972838477,0.030181080087423033,0.01371986825124604,47.638891190851346,82.91018595541597,6.049068954310717,0.0,0.0,53.16357405292044,86.34282989665158,6.344408593663501,0.1640158610201562,0.25423426137913574,49.15951816415235,89.51189566860185,6.4931948050357935,0.0,0.0,49.76476459019256,84.96567338881448,6.233801067672621,0.031030709045540294,0.01594636177545455,43.486602777700874,84.22609755505496,6.170024562577227,0.0,0.0,50.001856205442046,82.64112031436397,6.03315143691388,0.1149791309421641,0.2036109809945483,51.431818682349096,85.08234779835449,6.248420175187905,0.07478486065382328,0.16291323658576012,48.84840119433621,85.48855894717326,6.274873186356473,0.1272610856612831,0.12317012320344593,42.52536384105598,77.78691185653919,5.48493122506504,0.0,0.0,51.23409928833761,87.33709226635852,6.414911842107247,0.1310904195794746,0.11036484953016917,37.77831655303939,83.23875854136327,6.079228080213399,0.0,0.0,48.60570212547649,88.22729718795186,6.448952787956887,0.0,0.0,48.0553152499332,80.33535785670591,5.789214887220925,0.0,0.0,51.701094675037396,81.44066761782977,5.897128151612658,0.10341428817099296,0.06819405729801599,52.46743834808099,87.30921909938678,6.40042529463535,0.15055800349443965,0.1325317827705457
19,52.630790580196546,86.30626713486168,6.336972202788358,0.03741050816800307,0.017188267456876145,47.395970934291135,82.4994424408721,6.008496235419043,0.0,0.0,52.524757063593874,85.9846288139985,6.320364402098824,0.1664927735738382,0.2577070990211945,48.61353137204578,89.47110161320295,6.492293200652582,0.0,0.0,49.75988472886276,84.71904441579242,6.213324766698179,0.05579327874922189,0.03424817853373753,43.281718410289855,83.97625626287191,6.14770495628932,0.0,0.0,50.13714541026551,82.39928398435059,6.009768312650306,0.1408412246542845,0.2490472290351055,51.297463817639084,84.75394538606452,6.22162142004944,0.08485907818954014,0.18349409476572706,48.538588547331,85.21353967484492,6.253228345156993,0.13259929550887595,0.1283775270114889,42.5572740148673,77.40865551952645,5.440444797002976,0.0,0.0,51.004726167663605,87.12680350324938,6.4034684531038275,0.14899064485989982,0.12567246177339822,38.182017802570115,83.15453185880638,6.071154745970092,0.0,0.0,47.459978825701405,88.05816104354135,6.441312087906738,0.0,0.0,48.01694795360345,79.96526207114663,5.74925504222356,0.01605738557274788,0.010921418341023434,51.19521399198133,80.78709144208027,5.826669579210375,0.11121211928664139,0.07318562682183845,51.95035426119132,87.06448792284644,6.3860265439646415,0.15626940740176753,0.13689089659469633
20,51.870307116103795,85.98429875524923,6.314299809837262,0.048725121875821086,0.024167565478570102,47.26081141247057,82.14043068209254,5.972187352048451,0.013457287174921645,0.002458717546850928,51.98340789927477,85.63935903049462,6.296064778383739,0.17002833275308454,0.2626596599019037,48.17829494920391,89.4328029659916,6.4914067427668725,0.0,0.0,49.840413833454576,84.50355690497956,6.19501005344326,0.0789831900633036,0.05159508858760768,43.19786104418913,83.7724884513484,6.129146748651229,0.0,0.0,50.32722849470328,82.19776343016115,5.990121059526917,0.16347189335231144,0.28820155834157296,51.21785127646551,84.45090235284569,6.1960664491265325,0.0945877024017944,0.20311273656053938,48.30198454443036,84.96950341820641,6.2334472913948735,0.13896556733902318,0.1344497926804782,42.74332371397488,77.11731989976258,5.406101231392026,0.0,0.0,50.850538213049326,86.92603560568423,6.391981551774328,0.16535802715759026,0.13969286131724915,38.67025471560923,83.12258991228333,6.068083525563899,0.0,0.0,46.52466415640852,87.89938297487588,6.433797567214636,0.0,0.0,48.07484736902984,79.66812227188237,5.716992063953325,0.05049843013064821,0.06479809596762864,50.77228497766613,80.1759521432248,5.759121835705828,0.11960776895322728,0.07863081010099704,51.509843737992306,86.82758091886095,6.371425206549286,0.16192207055898516,0.14134167885785245
21,51.25728512314055,85.67851728494185,6.291787094876034,0.06358592645043303,0.03422835750050917,47.21794917453933,81.831518372827,5.9403486991460674,0.03400648879105987,0.01758184838664905,51.52491512547644,85.30836622214743,6.271782251453686,0.1756212717899841,0.27057116910891327,47.840689774584256,89.39718833844265,6.490547313152167,0.006775220654720722,2.723861856446663e-09,49.97750933847165,84.31202538536499,6.178408367956839,0.09940683860363063,0.06703339137000491,43.220016914258466,83.61206592674756,6.114318742426068,0.0,0.0,50.542475940135134,82.0271135720322,5.973426449159333,0.18271805497688037,0.32087676156847755,51.17660186209974,84.1716014973765,6.171853122557376,0.10428730794579744,0.2224569296404492,48.125852267568,84.75398519723308,6.215542917573335,0.1444876462694801,0.13969787339682022,43.065967490899126,76.9055827199848,5.381124343709998,0.0,0.0,50.7513014088924,86.73365941833525,6.380478825606602,0.18051555176368517,0.15269839614682312,39.23442694624138,83.13727267620635,6.069503208831762,0.0,0.0,45.772748634745675,87.7519062271405,6.426529732416241,0.006227967110801673,0.0,48.207460714292495,79.43455219015738,5.691583350853732,0.07891917130201477,0.10939790178095253,50.419702329236465,79.60640905372155,5.694931919811393,0.12884102503589992,0.08468919647126857,51.13339351158871,86.59882952800476,6.356728715576854,0.16852000563038477,0.14682417482394425
22,50.76793303675627,85.38913338730275,6.269633555626347,0.078135967548782,0.0443150510508683,47.25009342156243,81.56748010231706,5.912717480930513,0.05474030646083628,0.03295774602893864,51.136722336552396,84.9923281381283,6.247734779028198,0.1810104948165773,0.2780763148939955,47.58834784590955,89.36437193532682,6.489724853170025,0.020870447279227166,0.006808820886624301,50.14712395785093,84.13754102683654,6.163026020238322,0.11675922997060477,0.08028557149058808,43.33556919739707,83.4919300639202,6.103092088023911,0.006411571388344189,0.029211302928327413,50.760428626755285,81.87928627265889,5.9589783220768675,0.19840461208423335,0.3468574407785647,51.16042126360292,83.91406666597247,6.149001637126352,0.11288262148054506,0.23918859873224127,47.999513334565506,84.56409394273496,6.199439216041811,0.15026169210485257,0.1451247459859305,43.510282950929806,76.7663374636864,5.36471428918935,0.0,0.0,50.69052041297127,86.5484051143173,6.368963019305614,0.19335950616529815,0.16373041683386502,39.86718406330224,83.19305897547767,6.07487019954406,0.0,0.0,45.18021253572823,87.6162915106483,6.4196069720512465,0.0239640653878199,0.003402178262628453,48.39287439366895,79.25072450981729,5.6716195715138396,0.10331714842803284,0.1478281236063047,50.12670375053924,79.07662037258562,5.634313927923855,0.13752574140756582,0.09040867062600799,50.81044455966893,86.37825183121576,6.342018903581436,0.1741713489145015,0.1515202632201578
23,50.38065662109851,85.11534318268549,6.247940686314918,0.09177938605144534,0.053926772142811365,47.34036272869801,81.34128238392886,5.888752068861582,0.07500238186871011,0.04807820784324389,50.80807780936087,84.69127289250032,6.224079038270001,0.18609867908693672,0.2850484214976821,47.40782137573393,89.33426218374589,6.488943497669982,0.03430653861619007,0.01633994561429599,50.330002044599794,83.97399975758591,6.148389954783503,0.1308234640558366,0.09114497576580395,43.53152456054546,83.40886294034823,6.095269484447088,0.05007573352138186,0.06635644051195742,50.96493337905913,81.747671653142,5.946174854312985,0.2106662616351303,0.36649234510200274,51.15886187380832,83.67606235910874,6.1274681252056995,0.12028425923867815,0.2531556232928248,47.91403748605672,84.39699483083787,6.185020609047963,0.15607000262624396,0.15053964090398592,44.063399822916296,76.6928248757873,5.35608714727697,0.0,0.0,50.65499349389632,86.36893500712291,6.357416627232822,0.20392247233968766,0.1728115960193622,40.56213164475552,83.2846612832392,6.083633605109744,0.0,0.0,44.723563090907454,87.4924588574617,6.413087828840288,0.04027696928993992,0.024103524336550924,48.61371240039787,79.10518200503932,5.6558949860772945,0.1240529333381489,0.1806175350023925,49.884123256268126,78.58399133199696,5.57729236790556,0.14558125877592362,0.09572974560198758,50.53213195919842,86.16554233285528,6.32734834863334,0.178929174181179,0.15546379808933497
24,50.07686245920278,84.85592529317631,6.226750971264033,0.10417876306930743,0.06276634548335755,47.473899727495706,81.14594236966758,5.86784464422104,0.09426982092998033,0.06253514663743914,50.5299728407834,84.40489075586177,6.200928633457228,0.19082929042991528,0.2914202715075549,47.285651973435094,89.30655258671669,6.488201116158888,0.046802858951857235,0.02525941989042004,50.511386175857425,83.81628840585022,6.13408004005576,0.141656439804856,0.09963235963115627,43.786141738530745,83.35845948858973,6.0904995395781025,0.08439035017587693,0.09541426425009764,51.145310125479085,81.62707390861239,5.93453123476597,0.2197868691501225,0.3803921694764209,51.16431242095669,83.4554074241886,6.1071772091226375,0.12649440650778504,0.2644103898497945,47.86178914299802,84.24984276119032,6.172135608618656,0.16174699881650081,0.1557984122841082,44.714053476825256,76.67869395157503,5.354495315561829,0.0,0.0,50.634550948775946,86.19401932648323,6.34581339735225,0.21232762647680722,0.18004365797071095,41.31360835283054,83.40708391760555,6.095253096172651,0.0,0.0,44.38014112554381,87.37945061332377,6.406973521940905,0.05504152351969157,0.04294315855557387,48.85594835945929,78.98831771716432,5.643377536661424,0.1414878386278999,0.20830249322644973,49.684241730805695,78.12567733985904,5.523778449699686,0.1529721493707157,0.10062430943371266,50.291205992174504,85.96029361645701,6.312753662938961,0.1828655238855477,0.15870905495932075
25,49.84074661822114,84.60944575894845,6.206064071869521,0.11517661552698424,0.07067984769765775,47.63772532855005,80.97483559438017,5.849374661611566,0.11214409108584031,0.07601402636876817,50.29483082728904,84.1326363115766,6.178360809930101,0.19517455325747884,0.29716576383324583,47.21008905894687,89.2809109916241,6.48749388090436,0.05818200580267198,0.033424194499173526,50.680652819343386,83.66038009611582,6.119749432493024,0.14947688930300762,0.10587030690851025,44.074264200336664,83.32978793954939,6.087778703866597,0.11105274246890115,0.11787297559102296,51.29543289084519,81.51358043895407,5.923676351103454,0.2261454590419311,0.38932393762315903,51.17152251230457,83.25007263186703,6.088037840827593,0.13158093115764852,0.273147371285217,47.836248099225585,84.11989776346982,6.1606143503757504,0.16716955128539573,0.16079482657222838,45.452235519847214,76.71801943185224,5.359235919088123,0.046103851964992115,0.039943391662744986,50.621573594659075,86.02258674629662,6.334124025292829,0.2187582112231357,0.1855809809556559,42.11651557992241,83.55565644588174,6.109211443996969,0.0,0.0,44.130172438117256,87.27619402601505,6.401249517879456,0.06827864498146627,0.05991975198430135,49.108329116216154,78.89222647734749,5.633207314249061,0.15597485836174968,0.2314118519920682,49.52053501523964,77.69876281898364,5.473609295699912,0.1596938658111291,0.10508578486717719,50.08172315082219,85.76204618172129,6.298259196967579,0.1860616639746039,0.1613211490945152
26,49.65902153751754,84.3744060982962,6.185851006743364,0.12473747097839488,0.0776118116984709,47.82063170596453,80.82190037682243,5.832746469160123,0.128340563067925,0.08828636159001702,50.09625838576451,83.87380907158163,6.1564230681206515,0.19912675933192248,0.3022868160117579,47.17112876265923,89.25700319825475,6.48681680169672,0.0683506068326354,0.04075430222647339,50.830825982613206,83.50331381934954,6.105131632108583,0.15463779732773406,0.11009988463237373,44.37716799265154,83.3145242269283,6.0863283886533095,0.13149683728421743,0.1349855994084776,51.41280912484849,81.40438782322549,5.913341485198126,0.23016965146949417,0.3941228114812254,51.17714652412883,83.05823337179899,6.069954491619168,0.13565467306599585,0.2796495500620244,47.83186112622469,84.0046001011352,6.15028168591811,0.17224919282030365,0.16545354328255474,46.250457272980775,76.80529383873466,5.369652176606326,0.1016621152279287,0.12801205740716093,50.610562033520495,85.85374794679406,6.322320338203309,0.2234330516629971,0.1896093969591742,42.96618666590874,83.72605042361995,6.125023156256943,0.0,0.0,43.957111572669085,87.18158927558589,6.395889907009578,0.0,0.0,49.36193980476603,78.81051995259419,5.624684272685417,0.1678522946183192,0.2504545558574862,49.38747137188777,77.30038207567007,5.426577801580927,0.16576253635222624,0.10912209827808192,49.89879982905885,85.5703235118757,6.2838801811985014,0.1886015531109151,0.16336954798980705
27,49.520623612250645,84.14934411024917,6.1660656725054315,0.13290553223291832,0.08357230408149544,48.013095695806335,80.68176102010679,5.817414002632281,0.14267756138737392,0.09920186355634507,49.92884491550461,83.62761563068555,6.135139259258861,0.20269191194646627,0.3068039104932619,47.160325537448216,89.23450903214095,6.4861643037322585,0.07727926313731875,0.04721798704238427,50.95801573124349,83.3431088358272,6.090039492788057,0.15755964588807955,0.11261965240816962,44.6811534775751,83.30649710491393,6.085565558627428,0.14691997680682725,0.14779544651563592,51.49769905780686,81.29761175178805,5.903345007021767,0.23229797857842804,0.39562317705630684,51.17931863321674,82.8782896600225,6.052834393882875,0.13885043412499595,0.28424465908069824,47.84391744462808,83.90161484724572,6.14096647600714,0.17692572862493489,0.16972435336979,47.0576198273092,76.91901116241202,5.383190537066056,0.14125453086873957,0.19134528268709985,50.59774989030862,85.68679998215235,6.310378135451213,0.2265872821937351,0.1923294765521498,43.85828637225945,83.91428496714356,6.142240226967456,0.0,0.0,43.863492079048406,87.0945609313757,6.390861868166268,0.0,0.0,49.6098589031914,78.73813155833507,5.61725101595022,0.1774410154523909,0.2659174256834541,49.28034777974222,76.92779717552435,5.382454504626783,0.1712075548431607,0.1127505833501942,49.738414772082486,85.38465576260553,6.269625286476689,0.19056753777669444,0.16492373307835903
28,49.416425004748255,83.93289760402502,6.146653651981666,0.1397741012071088,0.0886129951466165,48.20719775828112,80.54978865620093,5.802895429912901,0.155064572950905,0.10867991762919267,49.78800013279927,83.39321650594661,6.114514951693867,0.20588508997048163,0.3107492970939551,47.17061825750772,89.21313294031982,6.485530670508454,0.08498645855946513,0.05281991603062915,51.0608144471028,83.17863382434467,6.074358540342817,0.15868686415185038,0.11375426910467297,44.9764695723512,83.30126272568558,6.085068323282562,0.1583165182409069,0.15716663116243557,51.552313052540015,81.1920991974815,5.893575760269341,0.2329514500366031,0.39460889788236314,51.17727067448517,82.70886375682186,6.0365916825988135,0.1413118341765911,0.2872713145778593,47.868442661129514,83.80885392902756,6.132507800731136,0.18116192905719317,0.17357739399746772,47.82613166949079,77.03640343212716,5.397155073392617,0.16801978282774646,0.23469124929302562,50.58075823577083,85.52121768573558,6.298278909557583,0.22845760620374175,0.19394371815785133,44.78873384019471,84.1167248250552,6.160455709789449,0.0,0.0,43.854091144387326,87.01881418009316,6.386408788579614,0.0,0.0,49.84687045276792,78.67112614653591,5.610473989746597,0.1850415101752684,0.27825898810913,49.1951568309303,76.57844467062027,5.341003014552879,0.17606623497360455,0.11599431041656463,49.59724979181606,85.20459490903586,6.2554986420530065,0.19203763400722387,0.16605039789232184
29,49.33896219007378,83.72384036556618,6.127558577899671,0.14546381902494165,0.09280999058294616,48.39653544358864,80.42211518223938,5.788780264165689,0.16548959457190363,0.11670033660701318,49.66982153238071,83.16976058950863,6.094541996280543,0.20872708363093398,0.3141621383202177,47.196169462376346,89.19261023835301,6.484910363897989,0.09152535148604064,0.05759143332449523,51.13969959444432,83.00945660475462,6.058037274947418,0.1584512778704384,0.11382380380735356,45.25646735020935,83.29573336863989,6.084542873736599,0.16650868382021036,0.1638117774944347,51.58011476531058,81.08725441689411,5.88397686591141,0.23251390204209646,0.39178101841910395,51.17100168531783,82.54878366217797,6.021149267215507,0.14317958184370194,0.289053726972897,47.90210709335196,83.72448199523716,6.124758769125123,0.18493907703949453,0.17699913778415463,48.525246938743145,77.14269734547464,5.409800304404834,0.1847521187997389,0.26230928627669314,50.55829042864124,85.35663693103996,6.286010679372719,0.22927148162984196,0.1946471254120204,45.753644033161144,84.33007336354098,6.179305607473682,0.0,0.0,43.9201263856276,86.95378967028878,6.382526729458372,0.0,0.0,50.069213400768106,78.60652209757451,5.604024884065768,0.19093221896786886,0.2879063487462017,49.128477845493045,76.24996027961868,5.30199047532734,0.18038013758140709,0.11887953716340406,49.472560777703755,85.02972364025186,6.241501378927348,0.19308393157615872,0.16681174047396505
30,49.28218738449186,83.52109819713108,6.108726455803414,0.1501074761220683,0.09625171281207363,48.57612433425805,80.29561282913265,5.7747310268356,0.17400587098225928,0.12329356870103543,49.570985578511916,82.95640978725112,6.0752023059600715,0.21124197167325734,0.31708507668363906,47.232216457846775,89.17271004705937,6.484298240128677,0.09697303995361245,0.06158259971494507,51.19647835732276,82.83568992632216,6.041076042523239,0.15724805394522864,0.113124549455281,45.51691910216487,83.28786609635186,6.0837944658808505,0.17217358262073965,0.1683161346891177,51.585245370622815,80.98288542976589,5.874530975691701,0.231320157732528,0.38774010928207997,51.16100401380611,82.39705883390404,6.0064391620656785,0.14458457868577432,0.289887596822639,47.9421454503856,83.64691104242006,6.117588525927548,0.1882532061621422,0.17998900764846215,49.13767243121995,77.22921273333151,5.4201048975451345,0.19387076268465955,0.27791206977290095,50.52986716470089,85.1928333645657,6.273568151014419,0.22923965618635903,0.194620678867374,46.74928391218048,84.55136204572305,6.198469426380354,0.019387716194617967,0.019774088753479427,44.05392831503296,86.89888282532633,6.3792030846728744,0.0,0.0,50.274356949764346,78.54212981547333,5.597663230426535,0.19536848546579144,0.2952530741614417,49.07738723711411,75.94018834493168,5.265194315207177,0.18419248477483194,0.12143391130713198,49.36207288451633,84.85965979710927,6.22763277576054,0.1937717832300335,0.16726452691888433
31,49.24124535786881,83.32375127622791,6.090108374645283,0.15383968695910488,0.09903054716454052,48.74228331844657,80.1678494784437,5.760481116518251,0.18071845940909384,0.12853067509411692,49.48865783508528,82.75235601807594,6.0564709134409,0.21345539536844294,0.3195618421771585,47.27493336842818,89.15323581841602,6.48368968229717,0.10142192388812539,0.06485576615009882,51.23380000035653,82.65784477108474,6.02351561551247,0.15542076642947605,0.11191675959746891,45.75546326150191,83.27640851042813,6.082703254474284,0.17586635180889126,0.17115814805611174,51.572072140632464,80.87907406725049,5.865247523963439,0.22965056515645796,0.38298020688910334,51.148046038701075,82.25285284471033,5.992401872578288,0.14564244443326066,0.2900295939131464,47.98628564925716,83.57478756381441,6.110882951325509,0.19111190831402564,0.1825565096328237,49.656481343899905,77.29175233518357,5.427578908474711,0.19741569605441595,0.28465007815620125,50.49560114310195,85.02969925046396,6.26095239463242,0.22855149348163456,0.1940272229201947,47.76213284779341,84.77793744195398,6.21766965496368,0.08585151111729224,0.10379871810743173,44.24875972905998,86.853463762712,6.376418517279237,0.0,0.0,50.460796183780126,78.4764081081584,5.5912206595719525,0.19858202663588478,0.3006579180903488,49.039384255834854,75.64718105534399,5.230406296164079,0.187546396497772,0.12368523902510463,49.26389514970738,84.69405772937594,6.213891083265632,0.19415953446598053,0.16745968908266876
32,49.212276037160876,83.13102761604755,6.071661999857875,0.15679013638805273,0.10123726415726661,48.8925044313513,80.03702782607377,5.7458301624825046,0.18576944774333803,0.13251257896754412,49.42041831436555,82.55683236305681,6.038318394050612,0.21539334771334046,0.3216356191006971,47.32130360976986,89.1340241896958,6.483080668982234,0.10497283518319121,0.06748042954486796,51.254749928857116,82.47669808794521,6.005426197318483,0.15325406827697693,0.11041822406709365,45.971149782018415,83.260695078452,6.081204835419583,0.1780397758764572,0.17272685271124827,51.544855054578086,80.7760701816381,5.856152195459334,0.22773044543674972,0.3778912396040719,51.13300807891235,82.11545598788416,5.978985267854397,0.14645078476142295,0.28969294313755645,48.03268516809104,83.50697504197188,6.104544449268713,0.19353162164397913,0.18471880297469448,50.08233329027524,77.32928164885409,5.432105561299232,0.19706012074157925,0.28512214677397973,50.45600992152475,84.8672202949361,6.248170194606192,0.22737255438221265,0.19300930763905758,48.74312163826359,85.00218460596075,6.236240010543883,0.1326445499536153,0.16282065875023402,44.4986667535635,86.81689295936134,6.374148646703092,0.0,0.0,50.62786562152296,78.40833852448299,5.5845869916766055,0.2007808655425218,0.3044443116374119,49.012329088382266,75.36919104392484,5.19743464759781,0.19048372306333403,0.1256606626649651,49.176450817286884,84.5326076051683,6.200274095872788,0.19429861470678714,0.16744228603792402
33,49.19224210410873,82.94229116788055,6.0533521849326615,0.15907942109616754,0.10295747340607923,49.02531047833423,79.90191480406263,5.73063782338942,0.18933050710745392,0.13536335468520008,49.3641991396393,82.36911980635752,6.020712747677749,0.21708134256893655,0.3233479653010254,47.369002538489376,89.11494274861047,6.48246779598149,0.10772966971227659,0.06952919371986079,51.262530059155225,82.2931790003884,5.9868973296472,0.15097231995330174,0.10880246528298292,46.16406866205527,83.24048638708207,6.0792749398663135,0.17906087532958417,0.17333654953488586,51.507518526088035,80.67420894794728,5.847278607841664,0.22573304037365555,0.37276716602887877,51.116766009439814,81.98426000750432,5.966143269755317,0.14708895373801203,0.2890483214536817,48.079873800260884,83.44253386326125,6.098491130260229,0.19553533203916112,0.18649864537263872,50.421058922444224,77.34287929525547,5.4338159359218725,0.19413963055114178,0.2814156155420895,50.41186458409041,84.70545371846958,6.235233201344305,0.22584393328727737,0.19168855462112977,49.629673609032025,85.20534239415171,6.252681984305372,0.16239369511707624,0.20022499602742588,44.798355940606655,86.78853338322936,6.372365489888492,0.0,0.0,50.77557019117384,78.33731690373952,5.577698162526947,0.20214968937880784,0.306900559570796,48.994390951352514,75.10465992937695,5.166104875864777,0.19304430542706422,0.12738613293402623,49.09842041913632,84.37503343286515,6.186779529876358,0.1942338614737639,0.16725170418352842
34,49.17878010296173,82.75702710625184,6.0351509728772985,0.1608167502352167,0.10426954574835644,49.14010434998033,79.76176665417866,5.71481677803537,0.19158761103663344,0.13721942816848984,49.31823224028424,82.18855071094464,6.003620830883006,0.21854386285583227,0.3247381310984297,47.41629020990296,89.09588715326849,6.481848265144029,0.10979529136908042,0.0710746573156843,51.26022271372024,82.10827538145004,5.968029024328656,0.1487425595239942,0.10720035667337123,46.335048838582196,83.21584386081584,6.076917597498606,0.17922495199468746,0.1732392073342121,51.463511698043874,80.57384914216452,5.838662066856885,0.22378472166468114,0.3678175124659561,51.1001151039907,81.85873617001327,5.953834574777082,0.147618864466772,0.28822685968875916,48.12670201038563,83.38070015570696,6.092655618844846,0.197150634467961,0.18792266619184964,50.68165734258735,77.33492798054674,5.432993090602476,0.18968732228408589,0.2751553459516683,50.3640710195395,84.5445083831704,6.2221569861248165,0.2240828973158287,0.19016615678704069,50.38239428955078,85.37743120279166,6.266318331737855,0.17810401545467625,0.2198575278758029,45.14309276408521,86.76775971829892,6.371038670619289,0.0,0.0,50.904433912459346,78.26306094193009,5.570525895674981,0.20285059193430832,0.30828068408088055,48.98400431751715,74.85220459963558,5.136259685670248,0.19526553972972663,0.12888609108868512,49.02869525641468,84.22109034357662,6.173405257190105,0.19400398511778216,0.1669220063001272
35,49.170073194752476,82.5748260611381,6.0170371983146635,0.16209895282197626,0.10524357892656659,49.23701544050704,79.61625231680863,5.698325278546025,0.19273181479484128,0.13822240882559003,49.28100527571756,82.01450992274214,5.987009422223139,0.21980401254546686,0.32584266520646715,47.46191423247073,89.07677793396813,6.48121985127064,0.11126850944448737,0.07218709428343253,51.25063007611151,81.92296106077039,5.948924321360568,0.14668035538090968,0.1057040620930231,46.485417199653405,83.18703325651846,6.074156103720955,0.17876751560980042,0.1726349719171724,51.41573956357762,80.47532969562054,5.83033516635298,0.22197144867741378,0.36318050146946457,51.08372601655534,81.73841710241248,5.942021527397749,0.14808666878523163,0.28732478111981186,48.17229432875092,83.32086460948699,6.086983654622305,0.19840811209694595,0.18901992752544164,50.87471986167086,77.30850990155892,5.430001030896122,0.18447486758195117,0.267563794618433,50.31358002362142,84.38452743225203,6.208960076891347,0.22218443464720167,0.1885241729242384,50.98310636133173,85.51482390475469,6.277009873501478,0.1830481348175689,0.22589838152066266,45.52861768600906,86.75396521960181,6.370136417380687,0.0,0.0,51.01536668643721,78.18553235357285,5.563068982549836,0.20302440540847144,0.3088072982363133,48.979831805919126,74.61060247588054,5.107758328895681,0.1971821556478166,0.1301832991842003,48.96633938167803,84.0705615201443,6.160149434317638,0.19364210862823047,0.1664823654607454
36,49.16474350738076,82.39536847530887,5.998995848703404,0.163010379395276,0.10594108817128496,49.31674952909757,79.46537904826349,5.681159732553857,0.1929518639527036,0.13851322644074796,49.251224352759785,81.84643419337783,5.97084599349816,0.220883316287975,0.32669522449755894,47.50502267400032,89.05755720986082,6.480580855395386,0.1122419510638523,0.07293279581015276,51.23617815743826,81.73814269894896,5.929683371035865,0.14485730778503583,0.10437234605173612,46.61680892646996,83.15445121287746,6.071026205281192,0.17787443967121963,0.17168109567911272,51.36654776480762,80.37894157707366,5.82232495997915,0.22034569313836694,0.3589364418904126,51.06812525127723,81.62288241969627,5.9306692051516565,0.14852492229701245,0.28640882716940536,48.21600737803467,83.26255200466424,6.0814326073262395,0.19933999658373797,0.18982073991421247,51.01125923968729,77.26697114668782,5.425233930079709,0.17905486330171,0.2595239774759583,50.26132213696959,84.22567363632538,6.195663032567918,0.2202233815598985,0.18682732854738207,51.431326221370874,85.61815699375528,6.284935322580301,0.1803709154981621,0.22234935800447117,45.95107665920178,86.74656665182658,6.369626372985969,0.0,0.0,51.10954920358318,78.10487212298327,5.555346011905613,0.20279127044389675,0.3086694808393633,48.98073256894116,74.37877659097826,5.080475605441559,0.19882614256314912,0.13129877315840363,48.91055854112407,83.92325503674631,6.1470105577077305,0.19317633686182878,0.1659575386994578
37,49.161761969349456,82.21840983234554,5.981017300311043,0.16362339215012522,0.10641518406276407,49.380446907121375,79.30942225185254,5.6633475450675075,0.192427936354043,0.13822722865828035,49.22778238579696,81.68381044837976,5.955099248777369,0.22180162482456575,0.32732652638665977,47.54508687763139,89.03818548034019,6.479930050558779,0.11280067050126208,0.07337295983544438,51.21887290594376,81.55462446981042,5.910399042691732,0.14330921494002846,0.10323650414955565,46.73102133068185,83.11857010195251,6.067571017438247,0.17669062210796188,0.1704995331923908,51.317745648309895,80.2849120478578,5.814651415391922,0.21893326615387654,0.35512046803510594,51.05369325176714,81.51174786218193,5.919744731039682,0.14895493634057516,0.2855218400808045,48.25739222418009,83.20540191999791,6.075969989448414,0.1999790775778106,0.19035570312003114,51.10189729755353,77.21362167536358,5.419081340536454,0.17380219243440015,0.2516418881685101,50.20816309097569,84.06811744874774,6.182287596081534,0.21825686167479774,0.18512509550785242,51.73957928089296,85.69065471120273,6.290436741015137,0.17285345810356237,0.21273493818364228,46.40696350602471,86.74500769098692,6.369476239840319,0.019276596596205738,0.020478432082300945,51.18833588205327,78.02134726896313,5.5473893790929525,0.20225282723362792,0.3080278126752632,48.98573524461764,74.1557810279564,5.054300673237935,0.20022677567793853,0.13225178589707823,48.86067482070534,83.77900078289778,6.133987469487952,0.19263032410562378,0.16536834934590444
38,49.16037353953867,82.04376718888913,5.963096510664807,0.16399921920221824,0.10671106205819217,49.429552677568466,79.14886084640516,5.6449403707347185,0.19132702060695803,0.13749051406517657,49.20973217075477,81.52617329837945,5.939739482694507,0.22257709505078738,0.3277643988620519,47.58183391555277,89.01863859565769,6.47926662444171,0.11302135453338516,0.07356302568486903,51.2002961110996,81.37308809745909,5.8911539775222534,0.14204416827576546,0.10230633951068266,46.829904100817075,83.07989730448527,6.0638372813109696,0.1753273683669673,0.16918339874688418,51.27065447390012,80.19339849678074,5.8073268673820415,0.21773966676323972,0.3517340551599895,51.0406742888718,81.40465748847475,5.909216800028635,0.14938910443482642,0.2846880758699679,48.29616079812762,83.14915091132353,6.070572022074416,0.200357832323188,0.19065494510908618,51.15635008092156,77.15154137799962,5.411905749172613,0.16895221350321352,0.2443046868364859,50.15487591026885,83.91202763618206,6.168855951673439,0.21632683152274798,0.18345386844466133,51.928438272299715,85.73689319241876,6.293921361607121,0.16277655117248865,0.19993319348136343,46.88876646442652,86.74876110405663,6.3696542839536034,0.04641071183336864,0.07783976133723707,51.25317509818589,77.9353078965748,5.539240437602403,0.20149399872480123,0.3070175058987061,48.99401472574752,73.94078706035177,5.02913577534409,0.20141070757960508,0.13305991657034646,48.816105967544964,83.63764757982837,6.121079331647059,0.19202381953153527,0.1647321572188378
39,49.160035829770706,81.87130722480849,5.9452322230711925,0.16418901025591343,0.10686667446804266,49.46570210797997,78.9843191351964,5.62600789127677,0.18979978869522973,0.13641740583405804,49.1962634173706,81.3731020896089,5.92473880014306,0.22322622163799233,0.3280338952657317,47.615188269873364,88.99890497039515,6.478590121901835,0.11297199953384755,0.07355236509752433,51.18162968973127,81.1940854757401,5.872018933377248,0.14105006862578337,0.10157577324608019,46.915279562050394,83.03894577879588,6.0598726532278615,0.17386867047199422,0.16780244215515838,51.226170175582695,80.10448933140351,5.800356207164262,0.21675572239405388,0.34875500220183914,51.029193457507496,81.30127839068773,5.899055389859864,0.14983305419350926,0.283917972401707,48.33215616017403,83.09361631281165,6.065222289144447,0.20050774838451335,0.1907475344225893,51.18314623717161,77.08346689786396,5.404029450775432,0.1646345629221002,0.2377326292397152,50.10212605091431,83.7575642597058,6.155390100062072,0.21446258043459931,0.18183910874853274,52.02205920814293,85.76193851599442,6.295803225480317,0.15187314680901592,0.18612091790159463,47.38213735574097,86.75613606304293,6.370055769222194,0.06801374450046146,0.12400237989493244,51.305545183652,77.84715298474086,5.5309456254791804,0.20058454269941314,0.3057501285473703,49.00487214077249,73.73307019389225,5.00489495655497,0.2024021006085843,0.133739129263118,48.77634854208349,83.4990605501031,6.108285581961684,0.19137317786965308,0.1640633033634616
40,49.160369242505276,81.70093587431583,5.927426219083307,0.1642349810419893,0.10691349885411447,49.49062271097204,78.81651573112653,5.606632196523046,0.18797877629351406,0.1351089293567643,49.186683120902025,81.22421771140611,5.910071231356858,0.22376390315460362,0.32815744989337114,47.64522220175944,88.97898307391083,6.477900389469489,0.1127119518721278,0.07338424566650949,51.16369842503963,81.01804101951465,5.853052220327791,0.14030124414477968,0.10102783785451395,46.98888724366273,82.99621341294832,6.055723786119606,0.1723765243238902,0.16640767142424842,51.18483248958568,80.018209735104,5.793737575859994,0.21596240577914455,0.34614576605148867,51.01927718546815,81.20129738693599,5.889231618856225,0.15028754869415517,0.28321224678638063,48.365326384670524,83.03868171742359,6.059910500612974,0.20045881426357418,0.1906610427934226,51.189518050438544,77.01173806832493,5.395728281003099,0.1609018755294305,0.23202345454146456,50.05046637867894,83.60487372732001,6.141911355419972,0.21268308028241834,0.18029736211377562,52.04470127792633,85.77077474013895,6.296470168512986,0.14135141179562538,0.17280794861078147,47.872153673413045,86.76508717991099,6.370557484939412,0.08502830581728832,0.16075246851923974,51.34690470413675,77.7573036241014,5.522553427397495,0.19958082378009198,0.30431628288292045,49.017717554030384,73.53199821077763,4.981502816609628,0.20322278260551752,0.1343038688643483,48.740964206198605,83.36311876834061,6.095605881190149,0.19069182811313043,0.16337352144589223
41,49.16111689733221,81.53258950162387,5.909682640230663,0.1641715608680573,0.10687732371430719,49.5060536135711,78.64621976496336,5.586902820429497,0.18597765694519147,0.13365213555663813,49.180398762800024,81.07917931800846,5.895712769453168,0.22420353015671163,0.32815505714170096,47.67211416451734,88.95887921101465,6.477197523144955,0.11229221849015163,0.07309600435805738,51.1470229641063,80.84526101635291,5.834299999166253,0.13976400735499062,0.10063891035785093,47.052347747797484,82.95216915402558,6.051435016961219,0.17089540572197984,0.1650352313700449,51.14689443535774,79.93453045871452,5.787463366412866,0.21533479844366424,0.34386016814456233,51.01087463284192,81.10441918089457,5.8797177122581745,0.15075008814754987,0.2825652630795568,48.39570183788575,82.98428412468621,6.054631374575576,0.20023915428925423,0.19042123642732572,51.18141253269999,76.93828666144378,5.387230231705455,0.1577533914315249,0.2271891079318918,50.00033925997549,83.45408561291521,6.128439960780315,0.21099911825572173,0.17883809306689524,52.01839023661156,85.76794745414404,6.296266104668453,0.13196364057370713,0.16092835977145378,48.34771886070637,86.77410597433627,6.371068565231557,0.09827827015953663,0.18967106299051198,51.378655381785876,77.66618261656672,5.514112053376665,0.1985275438755172,0.30278824278599836,49.03205498185569,73.33702025122348,4.958893329230606,0.2038924138867909,0.1347671657902363,48.709568575257286,83.22971319838743,6.08304005812897,0.1899906970545465,0.16267231176855793
42,49.16211278782261,81.36622752219152,5.892007389748849,0.1640264988849838,0.10677902772481071,49.51368184117559,78.47421433576056,5.566912461094302,0.1838913912136752,0.13212010554136858,49.17690391647161,80.9376810758065,5.881641351769896,0.22455708611304534,0.3280444618690468,47.69611453993684,88.93860559171219,6.4764818203260734,0.11175596879349768,0.07271936852635365,51.13187665016734,80.67594751428393,5.815797210105433,0.13940110612897744,0.10038213727910757,47.10714160823999,82.90724431455236,6.047047516057619,0.1694560103545054,0.16370963341028197,51.112387985919014,79.8533781746608,5.781521376144197,0.21484522936590802,0.3418485833075258,51.00387818596468,81.01036553806031,5.870487041269613,0.15121620881598746,0.28196769585719866,48.423375612291146,82.9304026972202,6.0493836412481,0.19987478579225382,0.19005187592969994,51.16357965054864,76.864653620029,5.37871737812953,0.15515366354492216,0.22318500252911422,49.9520835093737,83.30531093294204,6.114994813180175,0.2094151768013598,0.177465303934765,51.96163489191047,85.75736494673339,6.295482542406002,0.1240973244190198,0.15095817515759724,48.80086848468692,86.78211418838485,6.371524171119456,0.10846827806088531,0.21212710425819795,51.40211585947407,77.57419939758569,5.505667721066607,0.19745939079993,0.3012224843791783,49.04746939143099,73.14765692277027,4.937008743763238,0.20442865730104176,0.13514074366202267,48.681822163041495,83.09874490756442,6.07058805689736,0.1892785871271351,0.16196727657695634
43,49.163256782897435,81.20182633577984,5.874407617676342,0.16382188886504948,0.106635305669889,49.51509442480599,78.30126694659562,5.54675339358917,0.18179704159589374,0.1305724781206475,49.1757659039643,80.7994490123524,5.867836801621512,0.2248352545727155,0.32784135229036676,47.71751793189177,88.91817867915434,6.47575373633037,0.11113916259579827,0.07228087592720488,51.11834143010758,80.51021464314232,5.7975689122205525,0.1391751082053331,0.10023006814669096,47.15459949857594,82.86182778232303,6.042598785991458,0.1680783518852515,0.1624464215011442,51.08118327507626,79.77464626058475,5.775895988998173,0.21446565532951803,0.34006177417224875,50.998141917131036,80.91887510335498,5.861514204082721,0.15168049201862907,0.28140854680346006,48.44848687057975,82.87704903670372,6.044169166851237,0.19938947827995343,0.18957460647798174,51.13970451052573,76.79202397724686,5.370329888137133,0.153046897477034,0.2199326018098436,49.90594438330321,83.15864158448476,6.101593286353057,0.20793104779523724,0.1761789265398769,51.888971854749414,85.7422137815427,6.294355986519112,0.11786991809535739,0.14303636550380314,49.226179211610656,86.78837125309667,6.371879854549762,0.11619377214114887,0.22929487211600932,51.418504525790475,77.48173935435923,5.497263440282446,0.1964025748401328,0.299662058083642,49.0636154053958,72.96349139953291,4.915798577612462,0.20484734482412587,0.13543512652574305,48.65742303184563,82.9701235394888,6.0582498891477465,0.18856250985745276,0.1612644171673701
44,49.164495257836265,81.03937442019514,5.856891287546995,0.16357509955540472,0.1064593409150209,49.5117447471116,78.12810649829102,5.526514565405984,0.1797550636646522,0.12905635562288983,49.17661520594969,80.66423801727142,5.854280743289145,0.22504752788569726,0.32755954942720794,47.736641235909374,88.897617798643,6.475013845716251,0.11047125114293209,0.07180235850951724,51.106359550675634,80.34810567531169,5.779631840718849,0.13905081614937134,0.10015656885347042,47.19590077600748,82.81626412210991,6.038122422561337,0.1667743034743407,0.16125435095531232,51.053039876688715,79.69820518539677,5.770569300233533,0.21416937284146803,0.3384535618915579,50.993497396110584,80.82970356193505,5.852775124127918,0.15213731170658928,0.28087659688963157,48.4712068451863,82.82425887089778,6.038992192307661,0.19880469611742568,0.1890089215232834,51.11255916966853,76.72127130076143,5.3621711749110865,0.15136750366568938,0.21733614281666327,49.86208521227803,83.01415067210058,6.088251136828166,0.2065431847678268,0.17497598935201938,51.8110785664945,85.72495591182364,6.2930693812121845,0.11321534817688454,0.13707435327521525,49.620263857557916,86.79239694077552,6.37210679663294,0.12195413705596989,0.2421801766046041,51.42892971516111,77.38915672205098,5.488938209666221,0.19537623334317414,0.29813876764051966,49.0802074802309,72.78416145627797,4.89521870187598,0.20516263932697243,0.1356597419002125,48.63610082899154,82.843766021891,6.046025592680443,0.18784797739811046,0.16056839451167754
45,49.16580630456921,80.87886843135054,5.839466819670624,0.16329959798979166,0.1062614003917598,49.504931254885435,77.95540628507563,5.506279346564508,0.17781090919121792,0.12760746199341036,49.1791363736066,80.53182902582398,5.840956500009512,0.22520231420423018,0.3272111891184051,47.75380671385327,88.87694398670523,6.47426280842196,0.10977590916055294,0.07130145214860092,51.09577899695174,80.18960954535913,5.761996023592392,0.13899684179430352,0.10013808617074182,47.23207791596405,82.77085376914572,6.033648068903403,0.16554966046544256,0.16013714982033045,51.027649589377646,79.62391193597848,5.765522125646107,0.21393216097894516,0.3369825308867543,50.98976662066795,80.7426239191507,5.8442471469201935,0.15258135642111142,0.2803613860444789,48.49172723550201,82.77208503282975,6.033858679702776,0.1981396080766084,0.18837218503434397,51.08415720487482,76.65300570784254,5.354313499866362,0.1500475461022419,0.2152945495233969,49.82059961434479,82.87189348145864,6.074982478597543,0.20524580831593836,0.17385157239059645,51.73522143059235,85.70738123869782,6.291756423392959,0.10995611371981152,0.13284663483011747,49.98133992894331,86.79390824259177,6.372187920276793,0.12616288787335486,0.25163389095856886,51.43438574436452,77.29677034400534,5.480726545981823,0.19439369198102385,0.296675135726247,49.097011362651095,72.60935237280283,4.875230518766214,0.2053871868972553,0.1358230191337838,48.61761194809132,82.719595483585,6.033915197071443,0.18713925529758746,0.15988275585878475
46,49.16718862451992,80.72031015969444,5.8221428039919365,0.16300566839491784,0.10604936073374564,49.495786550925516,77.78377234651857,5.486123890603145,0.175996804426496,0.12625144762731522,49.18306022907621,80.40202640164776,5.827848982306253,0.22530704054705228,0.3268068940498958,47.76932933473699,88.85617905716633,6.4735013406072035,0.10907176578537119,0.07079211261700064,51.08639162674491,80.03467593586174,5.744666336698477,0.1389864839606418,0.1001543946339986,47.26402489493434,82.72585468534248,6.029201508667603,0.16440579475366363,0.1590949250261097,51.0046708106171,79.55161814380257,5.760734861729192,0.21373295702942036,0.3356129599344206,50.98677210101182,80.65742674192113,5.835909122552728,0.15300796434075997,0.27985381267124454,48.51025074601799,82.72059160885563,6.028775758332437,0.19741114895908224,0.18767969909141835,51.0559001370716,76.58762132688555,5.346803538398804,0.1490217020634219,0.21370946018005316,49.78152352777158,82.7319088920386,6.061799811790275,0.20403178757713994,0.17279957084232242,51.665859454552745,85.6906943156478,6.290507812571891,0.10785907953634032,0.1300604485190816,50.30886336177835,86.79276871480484,6.372114790394238,0.12914919987292134,0.2583266342847681,51.435753423548235,77.20486167978905,5.4726582765905825,0.19346357927244826,0.29528614727935754,49.11383665766881,72.43879063947165,4.855800226941985,0.20553225964286784,0.13593248249497517,48.60173560065534,82.59754035441448,6.0219186963235,0.1864395800117058,0.15921013018129035
47,49.168653348208444,80.56370420358735,5.804927774561896,0.16270103013126638,0.10582916347180626,49.485274897452186,77.61373647677938,5.466116049597116,0.17433359378977645,0.12500525580535582,49.18815717275219,80.27465552494724,5.814944572101975,0.22536825048786938,0.3263559343176217,47.78350769068769,88.8353448603342,6.472730189985316,0.10837311041455724,0.0702851175833004,51.07796372233172,79.88322837827924,5.727643912937659,0.13899833650689808,0.10018980123927626,47.29250801164713,82.68148498800933,6.0248048556944855,0.16334096475363316,0.1581252714601698,50.98375502991564,79.48117674788338,5.756188182436541,0.21355416242648867,0.33431515717910754,50.98434430878925,80.57392026017101,5.827741465810844,0.15341330877029605,0.27934643823576283,48.52698351427927,82.66984913235554,6.0237512616032065,0.196634120647199,0.1869448049831442,51.028709331407576,76.52534052921632,5.3396675870892185,0.1482303007040202,0.2124902330618308,49.744846542380955,82.5942210562421,6.048714091777586,0.2028933230136837,0.1718132854779134,51.60528052437225,85.67561795102174,6.2893785875384625,0.10667571666179082,0.12840567870372366,50.60322552670121,86.78894853388488,6.3718851945565165,0.13118670536903218,0.2628379483242555,51.433803869205605,77.113674535722,5.464758535102165,0.19259079589673844,0.29398077220150853,49.13053036611887,72.27223839418288,4.8368981694277755,0.20560788736707042,0.13599483694104106,48.58827062276015,82.47753362292575,6.0100360281573435,0.18575134476991673,0.15855239550825148
48,49.17021815110737,80.40905623322077,5.787830037332607,0.16239135245303604,0.10560519266289321,49.474196278650965,77.44575317186938,5.446314776681814,0.1728325643026185,0.12387848465608901,49.1942314420613,80.14956058513829,5.802231006562092,0.22539169560208425,0.3258663757967604,47.79661785585571,88.81446271149285,6.471950115364052,0.10769055662134297,0.06978854186160861,51.07025902403289,79.73517510168983,5.710927354215706,0.1390159056919434,0.10023244826948538,47.31817800099667,82.63792617357169,6.020476806890229,0.1623513374532437,0.15722413180009312,50.964566251892975,79.41244716606973,5.751863572668521,0.21338166839453546,0.3330653567958306,50.98232680514546,80.49193027259618,5.819726189901312,0.1537944711043308,0.2788335765916535,48.54212918730859,82.61993070297277,6.018793345882842,0.19582132089453747,0.18617900871512408,51.00314028823095,76.46625337641098,5.332916221865588,0.14762094255501412,0.21155671684137015,49.71052220150672,82.45884120611942,6.035734826578124,0.20182245918312144,0.17088586767265201,51.55419544311491,85.66250033154235,6.288395781901309,0.10616892691757866,0.1275878548967131,50.86550398202666,86.78249406129189,6.371501320285558,0.13249520139044865,0.26564227011859337,51.42920463513061,77.02341607571111,5.457047909001471,0.19177734572378835,0.29276327486803505,49.1469712693778,72.10948852253455,4.81849825799844,0.2056229742469444,0.13601604486669944,48.577032873825594,82.35951222822928,5.998267059320057,0.18507625735453545,0.15791082119285335
49,49.171903148848074,80.25637173319254,5.770857543152191,0.1620807092244946,0.10538062030230308,49.46319534701525,77.28019980395715,5.426769943652781,0.17149718878565376,0.12287469561409912,49.201116188582375,80.02660257196047,5.789697264470302,0.22538242022292523,0.32534521612960327,47.80890962141662,88.7935529656403,6.4711618700642735,0.10703165307618898,0.06930819712836297,51.063054913747365,79.59041749162324,5.6945137121565,0.13902613916078452,0.1002705984994098,47.341582595422274,82.59532665017801,6.016232932468459,0.16143177301806136,0.15638645291807104,50.94679431246751,79.34529904494539,5.747743708777446,0.21320468025173336,0.33184531254584493,50.980579411490694,80.41129983630866,5.811846912911868,0.15414942986474744,0.2783112293696952,48.55588441843647,82.5709089165861,6.013910182490833,0.19498369131230286,0.18539212157091098,50.97947851075932,76.4103515605163,5.326548315392274,0.14714909224966824,0.2108403789132349,49.67847709545678,82.32576948035852,6.022870192144554,0.2008114654642773,0.17001066739453968,51.51225054314135,85.65141604965876,6.287565761775204,0.10612908427279401,0.12734766018448412,51.09725716509449,86.77350406260896,6.370968352468012,0.13324977343501185,0.2671249002184983,51.42252735577878,76.93425874551204,5.449542696206836,0.19102303767647463,0.2916343253874276,49.1630650561345,71.95036035612372,4.800577467590505,0.20558542721825646,0.13600140662797836,48.56785311123503,82.24341656465904,5.986611576160111,0.18441547318863155,0.15728618806155573
50,49.17372814604854,80.10565512815846,5.754017798484335,0.16177218936421464,0.10515798135855534,49.45277378867678,77.1173793438118,5.407522499056956,0.17032474141489962,0.12199263317414923,49.20866925912104,79.9056574557675,5.777333457052133,0.22534483935827085,0.32479850851979625,47.820604607748194,88.772634716608,6.470366188853802,0.10640143509075953,0.06884803081931225,51.0561536815642,79.44885638142044,5.678399247298695,0.13902088412695576,0.10029772345247667,47.36317893103792,82.5538053669463,6.012085983812645,0.1605764155321834,0.15560667636559536,50.93016310620328,79.27961472458156,5.743812702923345,0.21301540736856958,0.3306417000539993,50.97897979685086,80.33188874521268,5.804088838341744,0.15447699544355598,0.2777769262080489,48.56843557234908,82.52285349806111,6.009109714301895,0.19413047615854825,0.18459240962418608,50.95781761552505,76.35755669975559,5.3205543924563905,0.1467779828150797,0.210284328990097,49.64861867271451,82.19499669202081,6.010127156910004,0.19985305473831078,0.1691813813494023,51.47844380862283,85.64225488841807,6.286880782209801,0.10638190514579705,0.1274702842143383,51.30036022815917,86.76211170552679,6.370293427307959,0.1335888009366563,0.2675964385472153,51.41425625873977,76.84634281061744,5.442255234943642,0.19032607014507638,0.2905919274559481,49.17874009805209,71.79469590868533,4.7831153943741995,0.2055022562756557,0.13595562628741553,48.56057524651229,82.12919008018228,5.975069279671119,0.18376970689969754,0.15667888921897635
51,49.17571081865058,79.95690920609862,5.737317806592503,0.1614677406886677,0.10493888142295955,49.44330486568871,76.95752500277551,5.388604893436651,0.1693077646365769,0.12122733471606936,49.21676958231253,79.78661454566246,5.765130724491648,0.22528280983189777,0.3242314737749441,47.83189582235123,88.75172560022065,6.469563778016007,0.1058029140764584,0.06841048168355071,51.04938916606858,79.31039676807906,5.662580022215922,0.13899537698358536,0.10030988654905774,47.38334538775811,82.51345538679267,6.008046204169989,0.15977912752471643,0.15487909581645615,50.91443472654662,79.21529059354715,5.740056231687779,0.2128086747804337,0.32944541795091503,50.97742383870494,80.2535728195279,5.796438712574089,0.15477670807376348,0.27722950583353695,48.5799564438185,82.4758295364623,6.004399468824554,0.19326938585752537,0.18378674632582917,50.93812123830309,76.307743246846,5.314919350279621,0.1464780790276014,0.20984262163861236,49.62084179261606,82.06650597991222,5.997511608629127,0.19894056782181782,0.16839224431821057,51.45144448184451,85.63479518983421,6.286324485114281,0.10679049760917474,0.12778760066748818,51.476876057132216,86.7484711064451,6.369484862278604,0.13362084117975123,0.2673055434039477,51.404797046110815,76.75977926708673,5.435194278018684,0.1896835101772975,0.289632182883784,49.193943792696516,71.64235658971168,4.766093870801685,0.20537965315987433,0.13588286615071016,48.55505490682952,82.01677895188101,5.963639784214241,0.18313932526098395,0.15608901406921627
52,49.1778656290826,79.81013472907698,5.720764028453339,0.16116797919932027,0.10472364182345854,49.43504911144333,76.80080622962365,5.37004170257341,0.1684353627657714,0.12057111577129793,49.22531407594944,79.66937501302056,5.753081138882149,0.22519969485953906,0.3236486012044465,47.84294829681777,88.73084168288808,6.468755308166998,0.10523750501079589,0.06799679159533252,51.04262897787902,79.17495054469467,5.64705227455185,0.1389475645118185,0.1003052328871519,47.402392601528916,82.47434729681622,6.004121631421824,0.15903380025503394,0.1541981091905446,50.89941045489553,79.15223752742615,5.73646157064161,0.2125814992342854,0.32825085584720626,50.975825080636135,80.17624303884952,5.788884762998731,0.1550487208163485,0.2766688776345918,48.59060681429157,82.42989623070888,5.99978642010044,0.19240676018101083,0.18298076381505016,50.920270741971486,76.26075650417518,5.309624600058789,0.14622629098022558,0.20947913980707203,49.59503408924516,81.94027431302389,5.985028478656383,0.19806805792723192,0.16763810668363074,51.42982468071879,85.6287609693219,6.285876231228671,0.10725353696611602,0.12817561430829058,51.62895586162436,86.73274741522343,6.368551596938051,0.1334304457741563,0.26644998634664807,51.39448576733382,76.67465293588249,5.428365388511349,0.18909168015110203,0.288749911211079,49.20863940536657,71.49322034363371,4.749496631698459,0.20522308347977378,0.1357868064467094,48.55115824042351,81.90613182411445,5.9523226191734055,0.18252442413199899,0.15551641788069606
53,49.18020352205569,79.6653302511027,5.704362366503522,0.16087358362525414,0.10451281575758999,49.42817036021376,76.64733556776943,5.351850385720115,0.16769432465371756,0.12001442643949368,49.23421500190827,79.55385056748729,5.741177613977859,0.2250984223679043,0.323053739078945,47.85390049651839,88.70999741887279,6.46794140944008,0.10470539406343994,0.06760727480090466,51.03577388894189,79.04243787329901,5.631812634336533,0.13887745107236782,0.10028351586259936,47.42057349963297,82.43653238708917,6.000318385432423,0.15833456658906037,0.15355838862939436,50.884929437321716,79.09038060548075,5.7330175561450165,0.21233266403424347,0.32705518052542537,50.97411356674646,80.09980455659556,5.781416620925237,0.15529367662881377,0.2760957811667944,48.60053168952436,82.38510606214638,5.995276892302644,0.19154772720534344,0.1821789995747614,50.90410089212881,76.21642636495564,5.304649701822129,0.14600507521135123,0.20916627736786306,49.57108023634303,81.81627382472742,5.972681859640082,0.19723031428790747,0.16691444858277216,51.41221578095808,85.62386359888004,6.28551429268539,0.10770112429708985,0.12854911974153405,51.758764212371496,86.71510962360612,6.3675027930823145,0.13308300117296534,0.2651860707106188,51.383597408902894,76.59102559517224,5.42177133907899,0.18854646434738562,0.28793914363662976,49.22280334876647,71.34717916952762,4.733309026105241,0.20503736498094188,0.13567069648917696,48.54876091659663,81.79719959710746,5.941117232863985,0.18192489180026347,0.1549607788739608
54,49.18273197981073,79.52249216626092,5.688118174620782,0.16058494803454984,0.10430677407805054,49.422751476870296,76.49717595415076,5.33404212367492,0.16707007126124904,0.11954657957244744,49.243397705588656,79.43996227255651,5.729413821841345,0.2249815374261198,0.3224501754095696,47.864866251654576,88.68920566137831,6.467122668669511,0.10420584997318239,0.06724154689576946,51.02875524770157,78.91278751259543,5.61685821780811,0.13878650329012696,0.10024564527492827,47.4380922934744,82.4000455571532,5.996640935077277,0.15767593870622143,0.15295498745053984,50.87086577333385,79.02965829004123,5.729714494107418,0.2120623157936272,0.3258576742835237,50.972234285448884,80.02417563397282,5.774025233382854,0.15551259042788698,0.27551156216152956,48.6098610802189,82.34150431901422,5.990876498478665,0.19069635514322672,0.18138503593200425,50.889425629456795,76.17457744186657,5.299973570393258,0.14580151849830675,0.2088835730112164,49.548865238798435,81.69447297001399,5.960475114157868,0.19642285095818202,0.16621737382115584,51.397403782111894,85.6198299204512,6.285218024052509,0.10808949745682708,0.12885501890379963,51.868423974440226,86.69572545060629,6.366347554153272,0.13262870255035947,0.2636365353366222,51.37235401062293,76.50893904206956,5.415412501516542,0.1880435471317125,0.28719350915398234,49.23642284519643,71.20413697609759,4.717517769479531,0.20482673737596543,0.135537400014702,48.547747280836724,81.6899352556559,5.930022998093799,0.18134046042628318,0.1544216453310923
55,49.18545511350526,79.38161474410936,5.672036267585338,0.16030198334287826,0.10410542756208756,49.41880931470443,76.35034811460386,5.316622689934652,0.16654744040075095,0.11915635479142794,49.25279868543191,79.32763948817953,5.717784116287483,0.22485124919356123,0.32184070982277957,47.87593700736005,88.66847771449264,6.466299628226186,0.10373748370138483,0.06689871657027777,51.02153115542467,78.78593639195908,5.602186629074838,0.1386771349165033,0.10019329856399314,47.455112423081765,82.36490793103519,5.99309234209325,0.15705288884144258,0.1523833996724172,50.85712462029805,78.9700212350597,5.726544033131724,0.21177159111460103,0.3246591372383713,50.970145408956206,79.94928652983181,5.766702767680738,0.1557067400048349,0.2749179713757499,48.61871020568998,82.29912890612493,5.986590108468512,0.18985579498689267,0.1806016306503647,50.87605591103546,76.13503623141817,5.295575329105354,0.14560646637902266,0.20861639597996043,49.52827688375257,81.57483750927554,5.9484109729143855,0.19564186697065541,0.16554357540583456,51.38437764311506,85.61641916961037,6.284969180304262,0.10839544013946771,0.12906533444683607,51.95997718988717,86.67475779758898,6.365094733129538,0.13210577949213587,0.26189711011017186,51.36093218565881,76.4284180060251,5.40928721695348,0.18757859359652507,0.28650652970835694,49.249493923227355,71.06400773215638,4.702110731447947,0.20459492556307274,0.13538943678375898,48.5480096335964,81.58429372937076,5.919039218857201,0.18077074831804826,0.1538984727572778
56,49.18837395123657,79.24269021129187,5.656120936560859,0.16002450027329215,0.10390862772636944,49.41630856796243,76.20683778227934,5.299593316914948,0.1661113162944368,0.11883248668697605,49.26236394555776,79.21681892841922,5.706283462890854,0.2247094728030363,0.321227717300074,47.887184233467636,88.64782341485238,6.465472786183753,0.10329846141927156,0.06657754360287874,51.014082006197626,78.66182868825838,5.587795898240627,0.13855228018480595,0.10012859321254913,47.4717634888129,82.33112917744816,5.98967448046325,0.1564608877757832,0.15183958465734693,50.843637801393236,78.9114308677757,5.723499016812392,0.211462292521748,0.3234613739819196,50.96781647171274,79.87507837871591,5.759442512170513,0.15587757356375445,0.2743169979112027,48.62718001762741,82.25801038109819,5.982421840618257,0.1890284125991273,0.17983083748263923,50.86381137060764,76.09763591389815,5.291434882406794,0.1454137340602523,0.20835474737982784,49.5092074814231,81.45733132788617,5.936491621893083,0.19488418882712122,0.16489028765074323,51.37234334299822,85.61343121806355,6.284752567655641,0.10861095649687143,0.1291706068475233,52.035358559392165,86.65236237934407,6.363752805531506,0.13154308748706642,0.2600418946170004,51.34946997459047,76.34947286120297,5.4033921401670275,0.18714738246063878,0.28587183957467127,49.26201970657027,70.92671387699009,4.687076754759363,0.20434519560986675,0.13522902047909716,48.54944760775258,81.4802317774463,5.908165137728773,0.18021529339752593,0.1533906546316238
57,49.191486852595,79.10570891033058,5.6403759741375294,0.15975223104860625,0.10371616671395767,49.415174301536254,76.06660253072235,5.282951527539107,0.16574711897793787,0.11856404682399509,49.272047591019096,79.10744382286607,5.694907375235153,0.22455786659908406,0.32061320452850206,47.898661871496415,88.62725123362796,6.464642597523496,0.10288667610476761,0.06627656678583296,51.00640585886086,78.54041461986026,5.573684380649975,0.13841505735996232,0.10005383013621552,47.48814723262723,82.29870954313309,5.986388231224055,0.15589591281273915,0.15131996683578372,50.8303592959531,78.85385786495674,5.7205733273856625,0.21113669929728007,0.32226688071006715,50.96522659184268,79.80150208476506,5.752238776175783,0.15602663039443107,0.27371073056596334,48.63535795679152,82.21817216610827,5.97837507249313,0.18821590946289657,0.17907411605982806,50.85252729777874,76.06221932077851,5.2875332705462075,0.14521941680696152,0.20809220252450072,49.49155501988749,81.34191710533706,5.924718778489005,0.19414720293764517,0.16425522792564737,51.36071465668351,85.61070850427973,6.284556206976141,0.10873855723630277,0.12917408730696836,52.09637872943243,86.62868622822486,6.36232978994815,0.13096217224326373,0.25812773410430656,51.33807300422804,76.27210210534479,5.39772255399833,0.18674589992695662,0.2852833425175963,49.274008957852956,70.79218495862033,4.67240550150517,0.2040804066379092,0.135058092229093,48.551967624991356,81.3777078921855,5.8973999435925775,0.17967358013048682,0.15289754640594422
58,49.194789925806944,78.9706594669969,5.624804701184696,0.1594848538109806,0.10352779493474858,49.41530303553045,75.92957807242081,5.266691910301347,0.1654411684013973,0.11834073062254973,49.28181063076659,78.99946317131042,5.683651857029153,0.22439786514198876,0.31999885957341473,47.91040872766816,88.60676839104279,6.463809476118434,0.10249988300643842,0.06599420549429316,50.998513984488376,78.42164912850541,5.559850637433115,0.13826851782221145,0.0999712925098301,47.50434264729486,82.26764161496267,5.983233653436234,0.1553544344734889,0.1508214183103403,50.81726085899882,78.79728061993917,5.71776173016969,0.21079724950399484,0.32107838759344065,50.96236280664555,79.72851725309287,5.7450867914489,0.15615547714391792,0.2731012498399643,48.64331886984832,82.17963089122976,5.974452466362823,0.18741943176235756,0.17833243089929565,50.84205818512854,76.02864052486392,5.283852860473253,0.14502130926450665,0.207825019220519,49.47522384790254,81.22855685014434,5.913093757104792,0.19342878379841738,0.16363653515954102,51.34908964801295,85.60813372326214,6.2843711686848955,0.10878733204952376,0.1290869275737289,52.144715092864494,86.60386684014081,6.360833202944697,0.13037890311643172,0.25619775893944147,51.3268199521067,76.19629458848996,5.39227265184464,0.18637040212408718,0.2847353184390288,49.28547484435209,70.66035647155805,4.6580873230945725,0.20380305659941936,0.13487835110148488,48.555482415558366,81.27668221672279,5.886742779422309,0.17914506068013866,0.15241848454006648
59,49.198277436441984,78.83752896192087,5.609409994891384,0.0,0.0,49.41657233866559,75.79568392487063,5.25080682283054,0.0,0.0,49.29161995825655,78.892831081979,5.672513349685172,0.0,0.0,47.922450746766096,88.58638097710909,6.462973797270268,0.0,0.0,50.99042682317,78.30549057738291,5.546293312950707,0.0,0.0,47.520410299860664,82.23791183126248,5.9802101326404555,0.0,0.0,50.80432797158859,78.74168375185705,5.7150597237453775,0.0,0.0,50.95921856688708,79.65609117543221,5.737982617031157,0.0,0.0,48.651126026450896,82.14239683205471,5.970656005777252,0.0,0.0,50.83227885412512,75.9967654318126,5.280377417989708,0.0,0.0,49.46012498782376,81.11721231784406,5.901617524997015,0.0,0.0,51.33721988660091,85.60562497341593,6.284191210058969,0.0,0.0,52.18190824779295,86.57803178714894,6.359270038599425,0.0,0.0,51.315767339261676,76.12203148711502,5.387035787733156,0.0,0.0,49.29643389656397,70.53116886842196,4.64411315081262,0.0,0.0,48.559910589170414,81.17711647330073,5.876192749887024,0.0,0.0
